Dataset,Naive,ATC-MC,ATC-NE,PRE,Ours
CCT,0.3048884446175074,0.19650646716647086,0.18822402307034,0.06613495171081661,0.07697665399834235
OfficeHome,0.17261494888750042,0.19655370283591936,0.15285224452428062,0.08063098436464072,0.09359251438629938
Office31,0.18157554174873056,0.13715911380176318,0.15273912413653293,0.14199856377487036,0.07363690082670081
NICO,0.36156029114518345,0.1626520241012821,0.29618373333481773,0.16576481977461965,0.08970473942846892
Polyp,0.33599264871923984,,0.14845158532619449,0.24591786046133438,0.20563376463382277
