Dataset,Ours,ATC-MC,ATC-NE,PRE
CCT,0.04091409461008066,0.11794856194504644,0.1214685947042443,0.061683452195434356
OfficeHome,0.017092733360949304,0.05936973905723906,0.10631130141999708,0.06709677751543457
Office31,0.033621075231576855,0.045851657009774414,0.12411050521838464,0.13956513876575768
NICO,0.05046620676396777,0.04671234891685364,0.15784027689017707,0.16524575135814995
Polyp,0.09576842762302373,,0.10763938548817696,0.23776107370199942
