Dataset,Ours,ATC-MC,ATC-NE,PRE
CCT,0.04091409461008069,0.11794856194504644,0.1214685947042443,0.06613495171081661
OfficeHome,0.017092733360949283,0.05936973905723906,0.10631130141999708,0.08063098436464072
Office31,0.03362107523157687,0.045851657009774414,0.12411050521838464,0.14199856377487036
NICO,0.050466206763967764,0.04671234891685364,0.15784027689017707,0.16783485810682292
Polyp,0.09576842762302366,,0.10763938548817696,0.2392761898676797
