Dataset,Naive,PRE,ATC-MC,ATC-NE,Ours,Ours-anchored
CCT,0.3048884446175074,0.06613495171081661,0.11794856194504644,0.1373408627515715,0.03398964329789699,0.04652607204708892
OfficeHome,0.17261494888750042,0.08063098436464074,0.05936973905723906,0.0989977388261702,0.014712910231711833,0.020225032334049244
Office31,0.18157554174873056,0.14199856377487036,0.045851657009774414,0.12411050521838464,0.03083871241673939,0.045201401662287824
NICO,0.36156029114518345,0.16576481977461963,0.04671234891685364,0.23513407002257214,0.04414426566132052,0.05158861905477767
Polyp,0.33599264871923984,0.23927618986767973,,0.10763938548817696,0.08406145115866659,0.10727839618015296
