Dataset,Ours,Ours-anchored,ATC-MC,ATC-NE
CCT,0.033989643297897,0.04652607204708892,0.11794856194504644,0.1373408627515715
OfficeHome,0.01471291023171184,0.020225032334049237,0.05936973905723906,0.0989977388261702
Office31,0.03083871241673935,0.045201401662287824,0.045851657009774414,0.12411050521838464
NICO,0.04414426566132051,0.05158861905477766,0.04671234891685364,0.23513407002257214
Polyp,0.08406145115866663,0.10727839618015292,,0.10763938548817696
