Dataset,Ours,Ours-anchored,ATC-MC,ATC-NE
CCT,0.03398964329789699,0.04652607204708892,0.11794856194504644,0.1373408627515715
OfficeHome,0.014712910231711833,0.020225032334049244,0.05936973905723906,0.0989977388261702
Office31,0.03083871241673939,0.045201401662287824,0.045851657009774414,0.12411050521838464
NICO,0.04414426566132052,0.05158861905477767,0.04671234891685364,0.23513407002257214
Polyp,0.08406145115866659,0.10727839618015296,,0.10763938548817696
