method_1,method_2,n_pairs,mean_mae_1,mean_mae_2,median_mae_1,median_mae_2,mean_diff_m1_minus_m2,median_diff_m1_minus_m2,win_rate_m1,win_rate_m2,tie_rate,wilcoxon_statistic,p_value,p_adj_fdr_bh,significant
Ours,ATC-NE,40,0.03964844260964575,0.16764430462140426,0.02537947183091004,0.1000154532967033,-0.1279958620117585,-0.08165460143680264,0.85,0.15,0.0,42.0,2.0700099412351847e-08,1.2420059647411108e-07,True
Ours,PRE,40,0.03964844260964575,0.10411843292810825,0.02537947183091004,0.08576135911891702,-0.0644699903184625,-0.047154858971698466,0.9,0.1,0.0,61.0,2.0396328181959689e-07,6.118898454587907e-07,True
ATC-MC,ATC-NE,40,0.07442123418054417,0.16764430462140426,0.031739417989417984,0.1000154532967033,-0.0932230704408601,-0.05748530982905983,0.725,0.275,0.0,157.0,0.0004266080886736745,0.000853216177347349,True
ATC-MC,PRE,40,0.07442123418054417,0.10411843292810825,0.031739417989417984,0.08576135911891702,-0.02969719874756411,-0.03570868351473363,0.75,0.25,0.0,213.0,0.007264065483468585,0.010896098225202877,True
Ours,ATC-MC,40,0.03964844260964575,0.07442123418054417,0.02537947183091004,0.031739417989417984,-0.0347727915708984,-0.005270517516160034,0.625,0.375,0.0,231.0,0.015266838387105963,0.018320206064527157,True
ATC-NE,PRE,40,0.16764430462140426,0.10411843292810825,0.1000154532967033,0.08576135911891702,0.063525871693296,0.02940851039973044,0.475,0.525,0.0,300.0,0.1423485195809917,0.1423485195809917,False
